Model,Accuracy,Precision,Recall,F1,ROC_AUC
CNN Text Classifier,0.854789391575663,0.9343246592317225,0.8568181818181818,0.8938944872554832,0.9281566048455361
