Model,Accuracy,Precision,Recall,F1,ROC_AUC
BiLSTM Text Classifier,0.8528549141965679,0.9303449583017438,0.8581293706293707,0.8927791924336123,0.9294432571245549
